{"cameraMode":{"drawMode":0,"name":"Shaded","section":"Shading Mode"},"sceneLighting":false,"audioPlay":false,"sceneViewState":{"showFog":true,"showMaterialUpdate":false,"showSkybox":true,"showFlares":true,"showImageEffects":true,"showParticleSystems":true},"in2DMode":false,"pivot":{"x":-1.8731969594955445,"y":1.8485628366470338,"z":0.5209166407585144},"rotation":{"x":-0.0921369269490242,"y":-0.88707435131073,"z":0.20192283391952516,"w":-0.40476804971694949},"size":2.8578836917877199,"orthographic":false}